[
  {
    "Type": "pgNodeCfg",
    "Data": {
      "wifiMode": 1,
      "useWifiTimeout": 0,
      "devName": "IoTTStickM5",
      "inclMAC": true,
      "useStaticIP": 0,
      "staticConfig": {
        "staticIP": "192.168.87.181",
        "staticGateway": "192.168.87.1",
        "staticNetmask": "255.255.255.0",
        "staticDNS": "192.168.87.1"
      },
      "apConfig": {
        "apGateway": "192.168.25.1",
        "apPassword": "MyIoTTCloud"
      },
      "useNTP": 1,
      "ntpConfig": {
        "NTPServer": "us.pool.ntp.org",
        "ntpTimeZone": "EST5EDT"
      },
      "HatTypeList": [
        {
          "Name": "none",
          "HatId": 0,
          "Type": 0
        },
        {
          "Name": "LED Chain",
          "HatId": 1,
          "Type": 0
        },
        {
          "Name": "CTC Node",
          "HatId": 2,
          "Type": 1
        },
        {
          "Name": "Servo Decoder",
          "HatId": 3,
          "Type": 0
        },
        {
          "Name": "Switch Decoder",
          "HatId": 4,
          "Type": 0
        }
      ],
      "HatMode": 1,
      "InterfaceTypeList": [
        {
          "Name": "DCC",
          "IntfId": 0,
          "Type": 0
        },
        {
          "Name": "LocoNet",
          "IntfId": 1,
          "Type": 1
        },
        {
          "Name": "MQTT",
          "IntfId": 2,
          "Type": 1
        },
        {
          "Name": "Gateway",
          "IntfId": 3,
          "Type": 2,
          "Nodes": [
            1,
            2
          ]
        }
      ],
      "CommMode": 2,
      "useBushby": 1
    }
  },
  {
    "Type": "pgMQTTCfg",
    "Data": {
      "MQTTServer": "192.168.87.52",
      "MQTTPort": 1883,
      "MQTTUser": "",
      "MQTTPassword": "",
      "NodeName": "LNCTC",
      "inclMAC": true,
      "doPing": true,
      "pingDelay": 300,
      "BCTopic": "lnIn",
      "EchoTopic": "lnEcho",
      "PingTopic": "lnPing"
    }
  },
  {
    "Type": "pgHWBtnCfg",
    "Data": {
      "HoldThreshold": 500,
      "DblClickThreshold": 1000,
      "BoardBaseAddr": 0,
      "Buttons": [
        {
          "PortNr": 0,
          "ButtonType": "touch",
          "ButtonAddr": 171
        },
        {
          "PortNr": 1,
          "ButtonType": "touch",
          "ButtonAddr": 172
        },
        {
          "PortNr": 2,
          "ButtonType": "touch",
          "ButtonAddr": 141
        },
        {
          "PortNr": 3,
          "ButtonType": "touch",
          "ButtonAddr": 174
        },
        {
          "PortNr": 4,
          "ButtonType": "touch",
          "ButtonAddr": 142
        },
        {
          "PortNr": 5,
          "ButtonType": "touch",
          "ButtonAddr": 175
        },
        {
          "PortNr": 6,
          "ButtonType": "touch",
          "ButtonAddr": 143
        },
        {
          "PortNr": 7,
          "ButtonType": "touch",
          "ButtonAddr": 144
        },
        {
          "PortNr": 8,
          "ButtonType": "touch",
          "ButtonAddr": 178
        },
        {
          "PortNr": 9,
          "ButtonType": "touch",
          "ButtonAddr": 179
        },
        {
          "PortNr": 10,
          "ButtonType": "off",
          "ButtonAddr": 180
        },
        {
          "PortNr": 11,
          "ButtonType": "off",
          "ButtonAddr": 181
        },
        {
          "PortNr": 12,
          "ButtonType": "off",
          "ButtonAddr": 182
        },
        {
          "PortNr": 13,
          "ButtonType": "off",
          "ButtonAddr": 183
        },
        {
          "PortNr": 14,
          "ButtonType": "off",
          "ButtonAddr": 184
        },
        {
          "PortNr": 15,
          "ButtonType": "off",
          "ButtonAddr": 185
        }
      ]
    }
  },
  {
    "Type": "pgBtnHdlrCfg",
    "Data": {
      "ButtonHandler": [
        {
          "ButtonNr": 141,
          "CtrlCmd": [
            {
              "EventType": "onbtndown",
              "CmdList": [
                {
                  "CtrlTarget": "switch",
                  "CtrlAddr": 3,
                  "CtrlType": "toggle",
                  "CtrlValue": "on",
                  "ExecDelay": 0
                }
              ]
            },
            {
              "EventType": "onbtnup",
              "CmdList": []
            },
            {
              "EventType": "onbtnclick",
              "CmdList": []
            },
            {
              "EventType": "onbtnhold",
              "CmdList": []
            },
            {
              "EventType": "onbtndlclick",
              "CmdList": []
            },
            {
              "EventType": "onanalog",
              "CmdList": []
            }
          ],
          "CurrDisp": 0
        },
        {
          "ButtonNr": 142,
          "CtrlCmd": [
            {
              "EventType": "onbtndown",
              "CmdList": [
                {
                  "CtrlTarget": "switch",
                  "CtrlAddr": 2,
                  "CtrlType": "toggle",
                  "CtrlValue": "on",
                  "ExecDelay": 0
                }
              ]
            },
            {
              "EventType": "onbtnup",
              "CmdList": []
            },
            {
              "EventType": "onbtnclick",
              "CmdList": []
            },
            {
              "EventType": "onbtnhold",
              "CmdList": []
            },
            {
              "EventType": "onbtndlclick",
              "CmdList": []
            },
            {
              "EventType": "onanalog",
              "CmdList": []
            }
          ],
          "CurrDisp": 0
        },
        {
          "ButtonNr": 143,
          "CtrlCmd": [
            {
              "EventType": "onbtndown",
              "CmdList": [
                {
                  "CtrlTarget": "switch",
                  "CtrlAddr": 1,
                  "CtrlType": "toggle",
                  "CtrlValue": "on",
                  "ExecDelay": 0
                }
              ]
            },
            {
              "EventType": "onbtnup",
              "CmdList": []
            },
            {
              "EventType": "onbtnclick",
              "CmdList": []
            },
            {
              "EventType": "onbtnhold",
              "CmdList": []
            },
            {
              "EventType": "onbtndlclick",
              "CmdList": []
            },
            {
              "EventType": "onanalog",
              "CmdList": []
            }
          ],
          "CurrDisp": 0
        },
        {
          "ButtonNr": 144,
          "CtrlCmd": [
            {
              "EventType": "onbtndown",
              "CmdList": [
                {
                  "CtrlTarget": "switch",
                  "CtrlAddr": 0,
                  "CtrlType": "toggle",
                  "CtrlValue": "on",
                  "ExecDelay": 0
                }
              ]
            },
            {
              "EventType": "onbtnup",
              "CmdList": []
            },
            {
              "EventType": "onbtnclick",
              "CmdList": []
            },
            {
              "EventType": "onbtnhold",
              "CmdList": []
            },
            {
              "EventType": "onbtndlclick",
              "CmdList": []
            },
            {
              "EventType": "onanalog",
              "CmdList": []
            }
          ],
          "CurrDisp": 0
        },
        {
          "ButtonNr": 179,
          "CtrlCmd": [
            {
              "EventType": "onbtndown",
              "CmdList": [
                {
                  "CtrlTarget": "power",
                  "CtrlAddr": 0,
                  "CtrlType": "toggle",
                  "CtrlValue": "on",
                  "ExecDelay": 0
                }
              ]
            },
            {
              "EventType": "onbtnup",
              "CmdList": []
            },
            {
              "EventType": "onbtnclick",
              "CmdList": []
            },
            {
              "EventType": "onbtnhold",
              "CmdList": []
            },
            {
              "EventType": "onbtndlclick",
              "CmdList": []
            },
            {
              "EventType": "onanalog",
              "CmdList": []
            }
          ],
          "CurrDisp": 0
        }
      ]
    }
  },
  {
    "Type": "pgLEDCfg",
    "Data": {
      "ChainParams": {
        "NumLEDs": 16,
        "Brightness": {
          "InitLevel": 0.3,
          "CtrlSource": "analog",
          "Addr": 16
        },
        "BlinkPeriod": 500
      },
      "LEDCols": [
        {
          "Name": "Dark",
          "RGBVal": [
            0,
            0,
            0
          ]
        },
        {
          "Name": "Red",
          "RGBVal": [
            255,
            0,
            0
          ]
        },
        {
          "Name": "Green",
          "RGBVal": [
            0,
            255,
            0
          ]
        },
        {
          "Name": "Yellow",
          "RGBVal": [
            128,
            128,
            0
          ]
        },
        {
          "Name": "Blue",
          "RGBVal": [
            0,
            0,
            255
          ]
        }
      ],
      "LEDDefs": [
        {
          "LEDNums": [
            9
          ],
          "CtrlSource": "signaldyn",
          "CtrlAddr": [
            124,
            125
          ],
          "DisplayType": "discrete",
          "LEDCmd": [
            {
              "Val": 0,
              "ColOn": "Red",
              "Mode": [
                "static"
              ],
              "Rate": [
                0
              ],
              "Transition": [
                "soft"
              ]
            },
            {
              "Val": 1,
              "ColOn": "Yellow",
              "Mode": [
                "static"
              ],
              "Rate": [
                0
              ],
              "Transition": [
                "soft"
              ]
            },
            {
              "Val": 2,
              "ColOn": "Yellow",
              "Mode": [
                "localblinkpos"
              ],
              "Rate": [
                500
              ],
              "Transition": [
                "soft"
              ]
            },
            {
              "Val": 3,
              "ColOn": "Green",
              "Mode": [
                "static"
              ],
              "Rate": [
                0
              ],
              "Transition": [
                "soft"
              ]
            }
          ]
        },
        {
          "LEDNums": [
            10
          ],
          "CtrlSource": "signaldyn",
          "CtrlAddr": [
            126,
            127
          ],
          "DisplayType": "discrete",
          "LEDCmd": [
            {
              "Val": 0,
              "ColOn": "Red",
              "Mode": [
                "static"
              ],
              "Rate": [
                0
              ],
              "Transition": [
                "soft"
              ]
            },
            {
              "Val": 1,
              "ColOn": "Yellow",
              "Mode": [
                "static"
              ],
              "Rate": [
                0
              ],
              "Transition": [
                "soft"
              ]
            },
            {
              "Val": 2,
              "ColOn": "Yellow",
              "Mode": [
                "localblinkpos"
              ],
              "Rate": [
                500
              ],
              "Transition": [
                "soft"
              ]
            },
            {
              "Val": 3,
              "ColOn": "Green",
              "Mode": [
                "static"
              ],
              "Rate": [
                0
              ],
              "Transition": [
                "soft"
              ]
            }
          ]
        },
        {
          "LEDNums": [
            11
          ],
          "CtrlSource": "signaldyn",
          "CtrlAddr": [
            128,
            129
          ],
          "DisplayType": "discrete",
          "LEDCmd": [
            {
              "Val": 0,
              "ColOn": "Red",
              "Mode": [
                "static"
              ],
              "Rate": [
                0
              ],
              "Transition": [
                "soft"
              ]
            },
            {
              "Val": 1,
              "ColOn": "Yellow",
              "Mode": [
                "static"
              ],
              "Rate": [
                0
              ],
              "Transition": [
                "soft"
              ]
            },
            {
              "Val": 2,
              "ColOn": "Yellow",
              "Mode": [
                "localblinkpos"
              ],
              "Rate": [
                500
              ],
              "Transition": [
                "soft"
              ]
            },
            {
              "Val": 3,
              "ColOn": "Green",
              "Mode": [
                "static"
              ],
              "Rate": [
                0
              ],
              "Transition": [
                "soft"
              ]
            }
          ]
        },
        {
          "LEDNums": [
            12
          ],
          "CtrlSource": "signaldyn",
          "CtrlAddr": [
            130,
            131
          ],
          "DisplayType": "discrete",
          "LEDCmd": [
            {
              "Val": 0,
              "ColOn": "Red",
              "Mode": [
                "static"
              ],
              "Rate": [
                0
              ],
              "Transition": [
                "soft"
              ]
            },
            {
              "Val": 1,
              "ColOn": "Yellow",
              "Mode": [
                "static"
              ],
              "Rate": [
                0
              ],
              "Transition": [
                "soft"
              ]
            },
            {
              "Val": 2,
              "ColOn": "Yellow",
              "Mode": [
                "localblinkpos"
              ],
              "Rate": [
                500
              ],
              "Transition": [
                "soft"
              ]
            },
            {
              "Val": 3,
              "ColOn": "Green",
              "Mode": [
                "static"
              ],
              "Rate": [
                0
              ],
              "Transition": [
                "soft"
              ]
            }
          ]
        },
        {
          "LEDNums": [
            0
          ],
          "CtrlSource": "signal",
          "CtrlAddr": 799,
          "DisplayType": "discrete",
          "LEDCmd": [
            {
              "Val": 0,
              "ColOn": "Red",
              "Mode": [
                "static"
              ],
              "Rate": [
                0
              ],
              "Transition": [
                "soft"
              ]
            },
            {
              "Val": 2,
              "ColOn": "Yellow",
              "Mode": [
                "static"
              ],
              "Rate": [
                0
              ],
              "Transition": [
                "soft"
              ]
            },
            {
              "Val": 5,
              "ColOn": "Yellow",
              "Mode": [
                "localblinkpos"
              ],
              "Rate": [
                500
              ],
              "Transition": [
                "soft"
              ]
            },
            {
              "Val": 31,
              "ColOn": "Green",
              "Mode": [
                "static"
              ],
              "Rate": [
                0
              ],
              "Transition": [
                "soft"
              ]
            }
          ]
        },
        {
          "LEDNums": [
            1
          ],
          "CtrlSource": "signal",
          "CtrlAddr": 801,
          "DisplayType": "discrete",
          "LEDCmd": [
            {
              "Val": 0,
              "ColOn": "Red",
              "Mode": [
                "static"
              ],
              "Rate": [
                0
              ],
              "Transition": [
                "soft"
              ]
            },
            {
              "Val": 2,
              "ColOn": "Yellow",
              "Mode": [
                "static"
              ],
              "Rate": [
                0
              ],
              "Transition": [
                "soft"
              ]
            },
            {
              "Val": 5,
              "ColOn": "Yellow",
              "Mode": [
                "localblinkpos"
              ],
              "Rate": [
                500
              ],
              "Transition": [
                "soft"
              ]
            },
            {
              "Val": 31,
              "ColOn": "Green",
              "Mode": [
                "static"
              ],
              "Rate": [
                0
              ],
              "Transition": [
                "soft"
              ]
            }
          ]
        },
        {
          "LEDNums": [
            2
          ],
          "CtrlSource": "signal",
          "CtrlAddr": 810,
          "DisplayType": "discrete",
          "LEDCmd": [
            {
              "Val": 0,
              "ColOn": "Red",
              "Mode": [
                "static"
              ],
              "Rate": [
                0
              ],
              "Transition": [
                "soft"
              ]
            },
            {
              "Val": 2,
              "ColOn": "Yellow",
              "Mode": [
                "static"
              ],
              "Rate": [
                0
              ],
              "Transition": [
                "soft"
              ]
            },
            {
              "Val": 5,
              "ColOn": "Yellow",
              "Mode": [
                "localblinkpos"
              ],
              "Rate": [
                500
              ],
              "Transition": [
                "soft"
              ]
            },
            {
              "Val": 31,
              "ColOn": "Green",
              "Mode": [
                "static"
              ],
              "Rate": [
                0
              ],
              "Transition": [
                "soft"
              ]
            }
          ]
        },
        {
          "LEDNums": [
            3
          ],
          "CtrlSource": "signal",
          "CtrlAddr": 803,
          "DisplayType": "discrete",
          "LEDCmd": [
            {
              "Val": 0,
              "ColOn": "Red",
              "Mode": [
                "static"
              ],
              "Rate": [
                0
              ],
              "Transition": [
                "soft"
              ]
            },
            {
              "Val": 2,
              "ColOn": "Yellow",
              "Mode": [
                "static"
              ],
              "Rate": [
                0
              ],
              "Transition": [
                "soft"
              ]
            },
            {
              "Val": 5,
              "ColOn": "Yellow",
              "Mode": [
                "localblinkpos"
              ],
              "Rate": [
                500
              ],
              "Transition": [
                "soft"
              ]
            },
            {
              "Val": 31,
              "ColOn": "Green",
              "Mode": [
                "static"
              ],
              "Rate": [
                0
              ],
              "Transition": [
                "soft"
              ]
            }
          ]
        },
        {
          "LEDNums": [
            4
          ],
          "CtrlSource": "signal",
          "CtrlAddr": 808,
          "DisplayType": "discrete",
          "LEDCmd": [
            {
              "Val": 0,
              "ColOn": "Red",
              "Mode": [
                "static"
              ],
              "Rate": [
                0
              ],
              "Transition": [
                "soft"
              ]
            },
            {
              "Val": 2,
              "ColOn": "Yellow",
              "Mode": [
                "static"
              ],
              "Rate": [
                0
              ],
              "Transition": [
                "soft"
              ]
            },
            {
              "Val": 5,
              "ColOn": "Yellow",
              "Mode": [
                "localblinkpos"
              ],
              "Rate": [
                500
              ],
              "Transition": [
                "soft"
              ]
            },
            {
              "Val": 31,
              "ColOn": "Green",
              "Mode": [
                "static"
              ],
              "Rate": [
                0
              ],
              "Transition": [
                "soft"
              ]
            }
          ]
        },
        {
          "LEDNums": [
            5
          ],
          "CtrlSource": "signal",
          "CtrlAddr": 806,
          "DisplayType": "discrete",
          "LEDCmd": [
            {
              "Val": 0,
              "ColOn": "Red",
              "Mode": [
                "static"
              ],
              "Rate": [
                0
              ],
              "Transition": [
                "soft"
              ]
            },
            {
              "Val": 2,
              "ColOn": "Yellow",
              "Mode": [
                "static"
              ],
              "Rate": [
                0
              ],
              "Transition": [
                "soft"
              ]
            },
            {
              "Val": 5,
              "ColOn": "Yellow",
              "Mode": [
                "localblinkpos"
              ],
              "Rate": [
                1000
              ],
              "Transition": [
                "soft"
              ]
            },
            {
              "Val": 31,
              "ColOn": "Green",
              "Mode": [
                "static"
              ],
              "Rate": [
                0
              ],
              "Transition": [
                "soft"
              ]
            }
          ]
        },
        {
          "LEDNums": [
            6
          ],
          "CtrlSource": "signal",
          "CtrlAddr": 805,
          "DisplayType": "discrete",
          "LEDCmd": [
            {
              "Val": 0,
              "ColOn": "Red",
              "Mode": [
                "static"
              ],
              "Rate": [
                0
              ],
              "Transition": [
                "soft"
              ]
            },
            {
              "Val": 2,
              "ColOn": "Yellow",
              "Mode": [
                "static"
              ],
              "Rate": [
                0
              ],
              "Transition": [
                "soft"
              ]
            },
            {
              "Val": 5,
              "ColOn": "Yellow",
              "Mode": [
                "localblinkpos"
              ],
              "Rate": [
                1000
              ],
              "Transition": [
                "soft"
              ]
            },
            {
              "Val": 31,
              "ColOn": "Green",
              "Mode": [
                "static"
              ],
              "Rate": [
                0
              ],
              "Transition": [
                "soft"
              ]
            }
          ]
        },
        {
          "LEDNums": [
            7
          ],
          "CtrlSource": "signal",
          "CtrlAddr": 807,
          "DisplayType": "discrete",
          "LEDCmd": [
            {
              "Val": 0,
              "ColOn": "Red",
              "Mode": [
                "static"
              ],
              "Rate": [
                0
              ],
              "Transition": [
                "soft"
              ]
            },
            {
              "Val": 2,
              "ColOn": "Yellow",
              "Mode": [
                "static"
              ],
              "Rate": [
                0
              ],
              "Transition": [
                "soft"
              ]
            },
            {
              "Val": 5,
              "ColOn": "Yellow",
              "Mode": [
                "blink"
              ],
              "Rate": [
                0
              ],
              "Transition": [
                "soft"
              ]
            },
            {
              "Val": 31,
              "ColOn": "Green",
              "Mode": [
                "static"
              ],
              "Rate": [
                0
              ],
              "Transition": [
                "soft"
              ]
            }
          ]
        },
        {
          "LEDNums": [
            8
          ],
          "CtrlSource": "signal",
          "CtrlAddr": 804,
          "DisplayType": "discrete",
          "LEDCmd": [
            {
              "Val": 0,
              "ColOn": "Red",
              "Mode": [
                "static"
              ],
              "Rate": [
                0
              ],
              "Transition": [
                "soft"
              ]
            },
            {
              "Val": 2,
              "ColOn": "Yellow",
              "Mode": [
                "static"
              ],
              "Rate": [
                0
              ],
              "Transition": [
                "soft"
              ]
            },
            {
              "Val": 5,
              "ColOn": "Yellow",
              "Mode": [
                "blink"
              ],
              "Rate": [
                0
              ],
              "Transition": [
                "soft"
              ]
            },
            {
              "Val": 31,
              "ColOn": "Green",
              "Mode": [
                "static"
              ],
              "Rate": [
                0
              ],
              "Transition": [
                "soft"
              ]
            }
          ]
        },
        {
          "LEDNums": [
            13
          ],
          "CtrlSource": "signal",
          "CtrlAddr": 800,
          "DisplayType": "discrete",
          "LEDCmd": [
            {
              "Val": 0,
              "ColOn": "Red",
              "Mode": [
                "static"
              ],
              "Rate": [
                0
              ],
              "Transition": [
                "soft"
              ]
            },
            {
              "Val": 2,
              "ColOn": "Yellow",
              "Mode": [
                "static"
              ],
              "Rate": [
                0
              ],
              "Transition": [
                "soft"
              ]
            },
            {
              "Val": 5,
              "ColOn": "Yellow",
              "Mode": [
                "blink"
              ],
              "Rate": [
                0
              ],
              "Transition": [
                "soft"
              ]
            },
            {
              "Val": 31,
              "ColOn": "Green",
              "Mode": [
                "static"
              ],
              "Rate": [
                0
              ],
              "Transition": [
                "soft"
              ]
            }
          ]
        },
        {
          "LEDNums": [
            14
          ],
          "CtrlSource": "signal",
          "CtrlAddr": 802,
          "DisplayType": "discrete",
          "LEDCmd": [
            {
              "Val": 0,
              "ColOn": "Red",
              "Mode": [
                "static"
              ],
              "Rate": [
                0
              ],
              "Transition": [
                "soft"
              ]
            },
            {
              "Val": 2,
              "ColOn": "Yellow",
              "Mode": [
                "static"
              ],
              "Rate": [
                0
              ],
              "Transition": [
                "soft"
              ]
            },
            {
              "Val": 5,
              "ColOn": "Yellow",
              "Mode": [
                "blink"
              ],
              "Rate": [
                0
              ],
              "Transition": [
                "soft"
              ]
            },
            {
              "Val": 31,
              "ColOn": "Green",
              "Mode": [
                "static"
              ],
              "Rate": [
                0
              ],
              "Transition": [
                "soft"
              ]
            }
          ]
        },
        {
          "LEDNums": [
            15
          ],
          "CtrlSource": "signal",
          "CtrlAddr": 809,
          "DisplayType": "discrete",
          "LEDCmd": [
            {
              "Val": 0,
              "ColOn": "Red",
              "Mode": [
                "static"
              ],
              "Rate": [
                0
              ],
              "Transition": [
                "soft"
              ]
            },
            {
              "Val": 2,
              "ColOn": "Yellow",
              "Mode": [
                "static"
              ],
              "Rate": [
                0
              ],
              "Transition": [
                "soft"
              ]
            },
            {
              "Val": 5,
              "ColOn": "Yellow",
              "Mode": [
                "blink"
              ],
              "Rate": [
                0
              ],
              "Transition": [
                "soft"
              ]
            },
            {
              "Val": 31,
              "ColOn": "Green",
              "Mode": [
                "static"
              ],
              "Rate": [
                0
              ],
              "Transition": [
                "soft"
              ]
            }
          ]
        }
      ]
    }
  }
]