{
	"Pages":[
		{"Menue":"Node Configuration", "ProdSel":[-1], "CommSel":[], "ALMSel":[], "WebPage": "index.htm", "ID":"pgNodeCfg", "FileName": "node"}, 
		{"Menue":"MQTT Configuration", "ProdSel":[], "CommSel":[3,4,6,7,8,9], "ALMSel":[],  "WebPage": "MQTTCfg.htm", "ID":"pgMQTTCfg", "FileName": "mqtt"}, 
		{"Menue":"Hardware Button Setup", "ProdSel":[3], "CommSel":[], "ALMSel":[],  "WebPage": "HWBtnCfg.htm", "ID":"pgHWBtnCfg", "FileName": "btn"}, 
		{"Menue":"Event Handler Setup", "ProdSel":[], "CommSel":[], "ALMSel":[0],  "WebPage": "BtnHdlrCfg.htm", "ID":"pgBtnHdlrCfg", "FileName": "btnevt"}, 
		{"Menue":"LED Chain Setup", "ProdSel":[1,3], "CommSel":[], "ALMSel":[],  "WebPage": "LEDCfg.htm", "ID":"pgLEDCfg", "FileName": "led"},
		{"Menue":"Smart Throttle", "ProdSel":[5], "CommSel":[], "ALMSel":[],  "WebPage": "Throttle.htm", "ID":"pgThrottleCfg", "FileName": "throttle"}, 
		{"Menue":"LocoNet Viewer", "ProdSel":[], "CommSel":[2,3,4], "ALMSel":[],  "WebPage": "LNViewer.htm", "ID":"pgLNViewer", "FileName": ""},
		{"Menue":"OpenLCB Viewer", "ProdSel":[], "CommSel":[5,6,7], "ALMSel":[],  "WebPage": "OLCBViewer.htm", "ID":"pgOLCBViewer", "FileName": ""},
		{"Menue":"MQTT Viewer", "ProdSel":[], "CommSel":[8], "ALMSel":[],  "WebPage": "MQTTViewer.htm", "ID":"pgMQTTViewer", "FileName": ""},
		{"Menue":"DCC Viewer", "ProdSel":[], "CommSel":[1,9], "ALMSel":[],  "WebPage": "DCCViewer.htm", "ID":"pgDCCViewer", "FileName": ""}
		]
}
